USE study_deliver_member_info_kiye;

-- ADDRESS 테이블 데이터 삽입
INSERT INTO ADDRESS (ADDRESS_PK, ADDRESS) VALUES
('ADDR001', '서울특별시 강남구'),
('ADDR002', '경기도 수원시'),
('ADDR003', '인천광역시 부평구'),
('ADDR004', '대전광역시 서구'),
('ADDR005', '경상북도 포항시 북구');

-- HOBBY 테이블 데이터 삽입
INSERT INTO HOBBY (HOBBY_PK, HOBBY) VALUES
('HOBBY001', '등산'),
('HOBBY002', '요리'),
('HOBBY003', '음악감상'),
('HOBBY004', '수영'),
('HOBBY005', '영화감상'),
('HOBBY006', '자전거'),
('HOBBY007', '요가'),
('HOBBY008', '그림 그리기'),
('HOBBY009', '독서'),
('HOBBY010', '공원 산책');

-- PHONE 테이블 데이터 삽입
INSERT INTO PHONE (PHONE_PK, PHONE) VALUES
('PHONE001', '010-1234-5678'),
('PHONE002', '010-9876-5432'),
('PHONE003', '010-2468-1357'),
('PHONE004', '010-8642-9137'),
('PHONE005', '010-5793-6241');

-- EMAIL 테이블 데이터 삽입
INSERT INTO EMAIL (EMAIL_PK, EMAIL) VALUES
('EMAIL001', 'hong@example.com'),
('EMAIL002', 'kim@example.com'),
('EMAIL003', 'lee@example.com'),
('EMAIL004', 'park@example.com'),
('EMAIL005', 'lim@example.com');

-- MEMBER 테이블 데이터 삽입
INSERT INTO MEMBER (MEMBER_PK, EMAIL_FK, PHONE_FK, ADDRESS_FK, NAME, AGE, GENDER) VALUES
('MEMBER001', 'EMAIL001', 'PHONE001', 'ADDR001', '홍길동', '30', '남'),
('MEMBER002', 'EMAIL002', 'PHONE002', 'ADDR002', '김영희', '25', '여'),
('MEMBER003', 'EMAIL003', 'PHONE003', 'ADDR003', '이철수', '35', '남'),
('MEMBER004', 'EMAIL004', 'PHONE004', 'ADDR004', '박민준', '28', '남'),
('MEMBER005', 'EMAIL005', 'PHONE005', 'ADDR005', '임지영', '32', '여');

-- MEMBER_SEARCH 테이블 데이터 삽입
INSERT INTO MEMBER_SEARCH (MEMBER_SEARCH_PK, HOBBY_FK, ADDRESS_FK, MEMBER_FK, EMAIL_FK, PHONE_FK) VALUES
('SEARCH001', 'HOBBY001', 'ADDR001', 'MEMBER001', 'EMAIL001', 'PHONE001'),
('SEARCH002', 'HOBBY002', 'ADDR002', 'MEMBER001', 'EMAIL001', 'PHONE001'),
('SEARCH003', 'HOBBY003', 'ADDR002', 'MEMBER002', 'EMAIL002', 'PHONE002'),
('SEARCH004', 'HOBBY004', 'ADDR002', 'MEMBER002', 'EMAIL002', 'PHONE002'),
('SEARCH005', 'HOBBY005', 'ADDR003', 'MEMBER003', 'EMAIL003', 'PHONE003'),
('SEARCH006', 'HOBBY006', 'ADDR003', 'MEMBER003', 'EMAIL003', 'PHONE003'),
('SEARCH007', 'HOBBY007', 'ADDR004', 'MEMBER004', 'EMAIL004', 'PHONE004'),
('SEARCH008', 'HOBBY008', 'ADDR004', 'MEMBER004', 'EMAIL004', 'PHONE004'),
('SEARCH009', 'HOBBY009', 'ADDR005', 'MEMBER005', 'EMAIL005', 'PHONE005'),
('SEARCH010', 'HOBBY010', 'ADDR005', 'MEMBER005', 'EMAIL005', 'PHONE005');
